z,mean,median,mode
0.002,3.1315365489868063,2.0,2.0
0.004,4.7927612432187985,4.0,2.0
0.006,7.134987055856944,4.0,4.0
0.008,8.13249334725364,6.0,4.0
0.01,10.047395471222401,8.0,6.0
0.012,11.885339264455814,8.0,6.0
0.014,13.296000399568046,10.0,8.0
0.016,15.123973116030184,10.0,8.0
0.018000000000000002,16.823696887076462,12.0,10.0
0.02,18.421779029530654,14.0,10.0
0.022,20.172822410199778,14.0,10.0
0.024,21.85040957583413,16.0,12.0
0.026000000000000002,23.517052140034696,16.0,12.0
0.028,25.231331458660076,18.0,14.0
0.03,26.914610612831854,20.0,14.0
0.032,28.60387888295941,20.0,16.0
0.034,30.30578398680693,22.0,16.0
0.036000000000000004,31.997479407855295,22.0,18.0
0.038,33.69472732808645,24.0,18.0
0.04,35.39505283689812,26.0,20.0
0.042,37.09325979624154,26.0,20.0
0.044,38.79476377016337,28.0,22.0
0.046,40.49742649102143,30.0,22.0
0.048,42.20056813064271,30.0,24.0
0.05,43.90569923389459,32.0,24.0
0.052000000000000005,45.61185767662092,34.0,26.0
0.054,47.319160380071345,34.0,28.0
0.056,49.02792298157527,36.0,28.0
0.058,50.73781865285182,36.0,30.0
0.06,52.44896882569362,38.0,30.0
0.062,54.16140181820266,40.0,32.0
0.064,55.87502822559675,40.0,32.0
0.066,57.58989720375468,42.0,34.0
0.068,59.30599278939971,44.0,34.0
0.07,61.023293678543375,44.0,36.0
0.07200000000000001,62.741810809034206,46.0,36.0
0.074,64.46153060353193,48.0,38.0
0.076,66.18244587077982,48.0,38.0
0.078,67.9045542724943,50.0,40.0
0.08,69.62784684239801,52.0,42.0
0.082,71.35231817303332,52.0,42.0
0.084,73.07796250657886,54.0,44.0
0.08600000000000001,74.80477271920057,56.0,44.0
0.088,76.53274287005871,56.0,46.0
0.09,78.26186664867608,58.0,46.0
0.092,79.99213766545893,60.0,48.0
0.094,81.72354959460559,60.0,48.0
0.096,83.45609592290248,62.0,50.0
0.098,85.18977044230432,64.0,52.0
0.1,86.92456683801426,64.0,52.0
0.10200000000000001,88.66047858506457,66.0,54.0
0.10400000000000001,90.39749924229665,68.0,54.0
0.106,92.13562232642471,68.0,56.0
0.108,93.87484150265868,70.0,58.0
0.11,95.61515041257357,72.0,58.0
0.112,97.35654280075883,72.0,60.0
0.114,99.0990123024234,74.0,60.0
0.116,100.84255236162625,76.0,62.0
0.11800000000000001,102.58715630568754,76.0,62.0
0.12,104.33281793064322,78.0,64.0
0.122,106.07953117484601,80.0,66.0
0.124,107.82728962055745,80.0,66.0
0.126,109.57608654142196,82.0,68.0
0.128,111.32591541182127,84.0,68.0
0.13,113.07677018835247,84.0,70.0
0.132,114.82864473608649,86.0,72.0
0.134,116.58153274299052,88.0,72.0
0.136,118.33542776669266,88.0,74.0
0.138,120.09032339977702,90.0,74.0
0.14,121.8462132863813,92.0,76.0
0.14200000000000002,123.60309104061284,94.0,78.0
0.14400000000000002,125.36095049548202,94.0,78.0
0.146,127.11978548429319,96.0,80.0
0.148,128.87958982036574,98.0,80.0
0.15,130.6403573536215,98.0,82.0
0.152,132.40208186519112,100.0,84.0
0.154,134.16475707872962,102.0,84.0
0.156,135.92837666428406,102.0,86.0
0.158,137.69293426408942,104.0,86.0
0.16,139.45842378426997,106.0,88.0
0.162,141.22483924596736,108.0,90.0
0.164,142.99217461752107,108.0,90.0
0.166,144.76042386680797,110.0,92.0
0.168,146.5295809352067,112.0,92.0
0.17,148.299639722038,112.0,94.0
0.17200000000000001,150.07059414380925,114.0,96.0
0.17400000000000002,151.8424381090488,116.0,96.0
0.176,153.61516549683174,118.0,98.0
0.178,155.38877030531623,118.0,100.0
0.18,157.1632466293733,120.0,100.0
0.182,158.93858853302962,122.0,102.0
0.184,160.71479009771593,122.0,102.0
0.186,162.4918454660095,124.0,104.0
0.188,164.2697487607949,126.0,106.0
0.19,166.0484940853,128.0,106.0
0.192,167.82807556210733,128.0,108.0
0.194,169.60848730805037,130.0,110.0
0.196,171.38972342145917,132.0,110.0
0.198,173.17177808068286,132.0,112.0
0.2,174.95464560429113,134.0,112.0
0.202,176.73832030628884,136.0,114.0
0.20400000000000001,178.52279648518845,138.0,116.0
0.20600000000000002,180.30806842079468,138.0,116.0
0.20800000000000002,182.09413037859272,140.0,118.0
0.21,183.88097661631284,142.0,120.0
0.212,185.66860141105647,142.0,120.0
0.214,187.45699920334624,144.0,122.0
0.216,189.2461644955327,146.0,124.0
0.218,191.03609178317018,148.0,124.0
0.22,192.8267755568666,148.0,126.0
0.222,194.61821030546352,150.0,128.0
0.224,196.41039051639888,152.0,128.0
0.226,198.20331067653441,154.0,130.0
0.228,199.99696528246523,154.0,130.0
0.23,201.79134890454563,156.0,132.0
0.232,203.58645614941335,158.0,134.0
0.234,205.3822816259741,160.0,134.0
0.23600000000000002,207.17881995066426,160.0,136.0
0.23800000000000002,208.97606583605952,162.0,138.0
0.24,210.77401408639062,164.0,138.0
0.242,212.57265951192608,164.0,140.0
0.244,214.37199692641542,166.0,142.0
0.246,216.17202113078676,168.0,142.0
0.248,217.97272687972753,170.0,144.0
0.25,219.7741089263093,170.0,146.0
0.252,221.57616203287515,172.0,146.0
0.254,223.37888097804722,174.0,148.0
0.256,225.18226068552252,176.0,150.0
0.258,226.986296217675,176.0,150.0
0.26,228.790982648858,178.0,152.0
0.262,230.5963150607796,180.0,154.0
0.264,232.40228853189043,182.0,154.0
0.266,234.2088980520833,182.0,156.0
0.268,236.01613857367175,184.0,158.0
0.27,237.8240050622748,186.0,158.0
0.272,239.6324924978198,188.0,160.0
0.274,241.44159590159538,188.0,162.0
0.276,243.25131049358453,190.0,162.0
0.278,245.06163158331745,192.0,164.0
0.28,246.87255449124984,194.0,166.0
0.28200000000000003,248.6840745490779,194.0,166.0
0.28400000000000003,250.49618709639435,196.0,168.0
0.28600000000000003,252.30888744448345,198.0,170.0
0.28800000000000003,254.12217089430123,200.0,170.0
0.29,255.9360327612595,200.0,172.0
0.292,257.75046837600945,202.0,174.0
0.294,259.56547308539564,204.0,174.0
0.296,261.3810422744233,206.0,176.0
0.298,263.1971713739857,206.0,178.0
0.3,265.0138558329723,208.0,178.0
0.302,266.83109111589835,210.0,180.0
0.304,268.64887270088025,212.0,182.0
0.306,270.4671960926972,214.0,182.0
0.308,272.28605688824143,214.0,184.0
0.31,274.10545072545403,216.0,186.0
0.312,275.92537325437183,218.0,188.0
0.314,277.7458201374097,220.0,188.0
0.316,279.56678704966333,220.0,190.0
0.318,281.3882696740329,222.0,192.0
0.32,283.2102636934707,224.0,192.0
0.322,285.03276480270705,226.0,194.0
0.324,286.8557687106504,226.0,196.0
0.326,288.6792711406303,228.0,196.0
0.328,290.5032678307663,230.0,198.0
0.33,292.32775455938287,232.0,200.0
0.332,294.15272717373244,232.0,200.0
0.334,295.9781815419616,234.0,202.0
0.336,297.80411354618445,236.0,204.0
0.338,299.63051908269097,238.0,204.0
0.34,301.45739406214415,240.0,206.0
0.342,303.2847344044315,240.0,208.0
0.34400000000000003,305.1125360261627,242.0,210.0
0.34600000000000003,306.94079485542414,244.0,210.0
0.34800000000000003,308.7695068358375,246.0,212.0
0.35000000000000003,310.5986679267059,246.0,214.0
0.352,312.4282741031521,248.0,214.0
0.354,314.2583213622049,250.0,216.0
0.356,316.0888057868074,252.0,218.0
0.358,317.9197235202378,254.0,218.0
0.36,319.75107072085484,254.0,220.0
0.362,321.5828435614482,256.0,222.0
0.364,323.41503822937193,258.0,224.0
0.366,325.2476509266703,260.0,224.0
0.368,327.0806778595783,260.0,226.0
0.37,328.9141152109409,262.0,228.0
0.372,330.7479591707083,264.0,228.0
0.374,332.58220594488023,266.0,230.0
0.376,334.4168517555855,268.0,232.0
0.378,336.25189284115567,268.0,234.0
0.38,338.0873254562432,270.0,234.0
0.382,339.9231458931736,272.0,236.0
0.384,341.75935051480883,274.0,238.0
0.386,343.59593570784597,274.0,238.0
0.388,345.4328978741831,276.0,240.0
0.39,347.27023343098705,278.0,242.0
0.392,349.1079388107568,280.0,242.0
0.394,350.94601046138285,282.0,244.0
0.396,352.7844448492284,282.0,246.0
0.398,354.6232384677509,284.0,248.0
0.4,356.4623878285269,286.0,248.0
0.402,358.3018894587966,288.0,250.0
0.404,360.14173990286497,290.0,252.0
0.406,361.981935722487,290.0,252.0
0.40800000000000003,363.82247349691016,292.0,254.0
0.41000000000000003,365.6633498226968,294.0,256.0
0.41200000000000003,367.5045613107992,296.0,258.0
0.41400000000000003,369.3461045874054,296.0,258.0
0.41600000000000004,371.18797629635907,298.0,260.0
0.418,373.0301730992429,300.0,262.0
0.42,374.8726916754031,302.0,262.0
0.422,376.71552872196696,304.0,264.0
0.424,378.5586809538586,304.0,266.0
0.426,380.4021451080391,306.0,268.0
0.428,382.24591796080836,308.0,268.0
0.43,384.08999631279437,310.0,270.0
0.432,385.9343769819996,312.0,272.0
0.434,387.77905680380735,312.0,274.0
0.436,389.62403263099037,314.0,274.0
0.438,391.4693013337152,316.0,276.0
0.44,393.3148597995468,318.0,278.0
0.442,395.16070493870916,320.0,278.0
0.444,397.0068337036889,320.0,280.0
0.446,398.8532430713268,322.0,282.0
0.448,400.6999300353333,324.0,284.0
0.45,402.54689160628857,326.0,284.0
0.452,404.3941248116398,328.0,286.0
0.454,406.24162669569694,328.0,288.0
0.456,408.0893943196271,330.0,290.0
0.458,409.9374247602436,332.0,290.0
0.46,411.78571509729557,334.0,292.0
0.462,413.6342624186254,336.0,294.0
0.464,415.48306382906594,336.0,294.0
0.466,417.3321164505718,338.0,296.0
0.468,419.18141742219785,340.0,298.0
0.47000000000000003,421.03096390007636,342.0,300.0
0.47200000000000003,422.88075305739324,344.0,300.0
0.47400000000000003,424.73078208436544,344.0,302.0
0.47600000000000003,426.5810481963333,346.0,304.0
0.47800000000000004,428.4315486509639,348.0,306.0
0.48,430.28228072740234,350.0,306.0
0.482,432.1332417212041,352.0,308.0
0.484,433.9844289443102,352.0,310.0
0.486,435.8358397250198,354.0,310.0
0.488,437.6874714079643,356.0,312.0
0.49,439.53932135407746,358.0,314.0
0.492,441.3913869405792,360.0,316.0
0.494,443.2436655653003,362.0,316.0
0.496,445.09615465276295,362.0,318.0
0.498,446.94885164503154,364.0,320.0
0.5,448.8017540001033,366.0,322.0
0.502,450.6548591916756,368.0,322.0
0.504,452.5081647083089,370.0,324.0
0.506,454.3616680531887,370.0,326.0
0.508,456.21536674408617,372.0,328.0
0.51,458.06925831331836,374.0,328.0
0.512,459.92334030594054,376.0,330.0
0.514,461.77761027270896,378.0,332.0
0.516,463.6320657762093,378.0,334.0
0.518,465.48670439356914,380.0,334.0
0.52,467.34152371641113,382.0,336.0
0.522,469.19652135080713,384.0,338.0
0.524,471.0516949172308,386.0,340.0
0.526,472.90704205050804,388.0,340.0
0.528,474.7625603997702,388.0,342.0
0.53,476.61824762861517,390.0,344.0
0.532,478.4741014274095,392.0,346.0
0.534,480.3301195198591,394.0,346.0
0.536,482.1862996450351,396.0,348.0
0.538,484.0426395556545,396.0,350.0
0.54,485.899137018036,398.0,352.0
0.542,487.7557898120495,400.0,352.0
0.544,489.6125957310694,402.0,354.0
0.546,491.46955258192475,404.0,356.0
0.548,493.32665818485043,404.0,358.0
0.55,495.18391037324375,406.0,358.0
0.552,497.04130698544634,408.0,360.0
0.554,498.8988458618028,410.0,362.0
0.556,500.7565248552819,412.0,364.0
0.558,502.6143418322458,414.0,364.0
0.56,504.47229467239333,414.0,366.0
0.562,506.33038126870514,416.0,368.0
0.5640000000000001,508.18859952738694,418.0,370.0
0.5660000000000001,510.04694736781545,420.0,370.0
0.5680000000000001,511.9054227224802,422.0,372.0
0.5700000000000001,513.7640235369273,424.0,374.0
0.5720000000000001,515.622747774252,424.0,376.0
0.5740000000000001,517.4815934258284,426.0,376.0
0.5760000000000001,519.3405584989356,428.0,378.0
0.578,521.1996410134178,430.0,380.0
0.58,523.0588390016259,432.0,382.0
0.582,524.9181505083653,432.0,382.0
0.584,526.7775735908381,434.0,384.0
0.586,528.6371063185879,436.0,386.0
0.588,530.496746773445,438.0,388.0
0.59,532.3564930494683,440.0,388.0
0.592,534.216343252908,442.0,390.0
0.594,536.0762955031538,442.0,392.0
0.596,537.9363479331979,444.0,394.0
0.598,539.7964986881362,446.0,394.0
0.6,541.6567459249808,448.0,396.0
0.602,543.5170878130659,450.0,398.0
0.604,545.3775225358524,452.0,400.0
0.606,547.238048291341,452.0,400.0
0.608,549.0986632920202,454.0,402.0
0.61,550.9593657648172,456.0,404.0
0.612,552.8201539510455,458.0,406.0
0.614,554.6810261063557,460.0,406.0
0.616,556.5419805011809,462.0,408.0
0.618,558.403015421222,462.0,410.0
0.62,560.2641291664756,464.0,412.0
0.622,562.1253200510479,466.0,412.0
0.624,563.9865864031036,468.0,414.0
0.626,565.8479265648133,470.0,416.0
0.628,567.7093388923017,472.0,418.0
0.63,569.5708217555966,472.0,420.0
0.632,571.4323735385742,474.0,420.0
0.634,573.2939926389085,476.0,422.0
0.636,575.1556774680181,478.0,424.0
0.638,577.0174264509,480.0,426.0
0.64,578.8792380249471,480.0,426.0
0.642,580.7411106403918,482.0,428.0
0.644,582.603042761012,484.0,430.0
0.646,584.465032864089,486.0,432.0
0.648,586.3270794403558,488.0,432.0
0.65,588.1891809939411,490.0,434.0
0.652,590.0513360423198,490.0,436.0
0.654,591.913543116256,492.0,438.0
0.656,593.7758007597542,494.0,440.0
0.658,595.6381075300019,496.0,440.0
0.66,597.5004619973186,498.0,442.0
0.662,599.3628627459964,500.0,444.0
0.664,601.2253083820923,500.0,446.0
0.666,603.0877975294808,502.0,446.0
0.668,604.9503288248635,504.0,448.0
0.67,606.8129009176575,506.0,450.0
0.672,608.6755124699462,508.0,452.0
0.674,610.538162156426,510.0,452.0
0.676,612.4008486643559,512.0,454.0
0.678,614.2635706935042,512.0,456.0
0.68,616.1263269560994,514.0,458.0
0.682,617.9891161767761,516.0,460.0
0.684,619.851937092524,518.0,460.0
0.686,621.7147884525424,520.0,462.0
0.6880000000000001,623.5776690105482,522.0,464.0
0.6900000000000001,625.4405775192623,522.0,466.0
0.6920000000000001,627.3035127424548,524.0,466.0
0.6940000000000001,629.1664734562189,526.0,468.0
0.6960000000000001,631.0294584489144,528.0,470.0
0.6980000000000001,632.8924665211144,530.0,472.0
0.7000000000000001,634.755496485553,532.0,474.0
0.7020000000000001,636.6185471659666,532.0,474.0
0.704,638.4816173926246,534.0,476.0
0.706,640.3447060011613,536.0,478.0
0.708,642.207811832508,538.0,480.0
0.71,644.0709337328286,540.0,480.0
0.712,645.934070553769,542.0,482.0
0.714,647.7972211637604,542.0,484.0
0.716,649.6603844510255,544.0,486.0
0.718,651.5235593094626,546.0,486.0
0.72,653.3867446376086,548.0,488.0
0.722,655.2499393385765,550.0,490.0
0.724,657.1131423199965,552.0,492.0
0.726,658.9763524939515,554.0,494.0
0.728,660.8395687769178,554.0,494.0
0.73,662.7027900897043,556.0,496.0
0.732,664.5660153573904,558.0,498.0
0.734,666.4292435092666,560.0,500.0
0.736,668.2924734787736,562.0,502.0
0.738,670.1557042034424,564.0,502.0
0.74,672.0189346213508,564.0,504.0
0.742,673.8821636620596,566.0,506.0
0.744,675.7453902563798,568.0,508.0
0.746,677.6086133391498,570.0,508.0
0.748,679.4718318491799,572.0,510.0
0.75,681.3350447291859,574.0,512.0
0.752,683.1982509257336,574.0,514.0
0.754,685.0614493891752,576.0,516.0
0.756,686.9246390735917,578.0,516.0
0.758,688.787818936732,580.0,518.0
0.76,690.6509879399554,582.0,520.0
0.762,692.5141450481699,584.0,522.0
0.764,694.377289229775,586.0,522.0
0.766,696.2404194566026,586.0,524.0
0.768,698.1035347035967,588.0,526.0
0.77,699.9666339483663,590.0,528.0
0.772,701.8297161716873,592.0,530.0
0.774,703.6927803575463,594.0,530.0
0.776,705.555825493081,596.0,532.0
0.778,707.418850568525,596.0,534.0
0.78,709.2818545771498,598.0,536.0
0.782,711.1448365152086,600.0,538.0
0.784,713.0077953818794,602.0,538.0
0.786,714.870730179209,604.0,540.0
0.788,716.7336399120567,606.0,542.0
0.79,718.59652358804,608.0,544.0
0.792,720.4593802174752,608.0,544.0
0.794,722.3222088133278,610.0,546.0
0.796,724.1850083919469,612.0,548.0
0.798,726.0477779788151,614.0,550.0
0.8,727.9105166051021,616.0,552.0
0.802,729.7732233059266,618.0,552.0
0.804,731.6358971266677,620.0,554.0
0.806,733.4985371245178,620.0,556.0
0.808,735.361142368447,622.0,558.0
0.81,737.2237119391641,624.0,560.0
0.812,739.0862449290796,626.0,560.0
0.8140000000000001,740.9487404422681,628.0,562.0
0.8160000000000001,742.8111975944299,630.0,564.0
0.8180000000000001,744.6736155128561,630.0,566.0
0.8200000000000001,746.5359933363876,632.0,566.0
0.8220000000000001,748.3983302153821,634.0,568.0
0.8240000000000001,750.2606253116737,636.0,570.0
0.8260000000000001,752.1228777974704,638.0,572.0
0.8280000000000001,753.9850868491229,640.0,574.0
0.8300000000000001,755.8472516513918,642.0,574.0
0.8320000000000001,757.7093714004592,642.0,576.0
0.834,759.5714453038988,644.0,578.0
0.836,761.4334725806411,646.0,580.0
0.838,763.2954524609354,648.0,582.0
0.84,765.1573841863118,650.0,582.0
0.842,767.0192670095449,652.0,584.0
0.844,768.8811001946177,654.0,586.0
0.846,770.742883016685,654.0,588.0
0.848,772.6046147620344,656.0,590.0
0.85,774.4662947280535,658.0,590.0
0.852,776.3279222231906,660.0,592.0
0.854,778.1894965669196,662.0,594.0
0.856,780.0510170896857,664.0,596.0
0.858,781.9124831316384,666.0,598.0
0.86,783.7738940418855,666.0,598.0
0.862,785.6352491802694,668.0,600.0
0.864,787.4965479175082,670.0,602.0
0.866,789.3577896351595,672.0,604.0
0.868,791.2189737255852,674.0,606.0
0.87,793.0800995919142,676.0,606.0
0.872,794.9411666480092,678.0,608.0
0.874,796.8021743184319,678.0,610.0
0.876,798.6631220384045,680.0,612.0
0.878,800.5240092537772,682.0,614.0
0.88,802.3848354209938,684.0,614.0
0.882,804.2456000070551,686.0,616.0
0.884,806.1063024894858,688.0,618.0
0.886,807.966942356298,690.0,620.0
0.888,809.8275191059573,690.0,620.0
0.89,811.6880322471216,692.0,622.0
0.892,813.5484812983871,694.0,624.0
0.894,815.4088657886552,696.0,626.0
0.896,817.2691852571495,698.0,628.0
0.898,819.1294392533844,700.0,628.0
0.9,820.989627337131,702.0,630.0
0.902,822.8497490767477,702.0,632.0
0.904,824.7098040426112,704.0,634.0
0.906,826.5697918054325,706.0,636.0
0.908,828.4297119362183,708.0,636.0
0.91,830.2895640062201,710.0,638.0
0.912,832.1493475868929,712.0,640.0
0.914,834.0090622498492,714.0,642.0
0.916,835.8687075668158,714.0,644.0
0.918,837.7282831095887,716.0,644.0
0.92,839.5877884499891,718.0,646.0
0.922,841.4472231599917,720.0,648.0
0.924,843.3065868145784,722.0,650.0
0.926,845.1658789912493,724.0,652.0
0.928,847.0250992674012,726.0,652.0
0.93,848.8842472201907,726.0,654.0
0.932,850.7433224264962,728.0,656.0
0.934,852.602324462874,730.0,658.0
0.936,854.4612529055184,732.0,660.0
0.9380000000000001,856.3201073302214,734.0,660.0
0.9400000000000001,858.1788873123277,736.0,662.0
0.9420000000000001,860.0375924266976,738.0,664.0
0.9440000000000001,861.8962222476671,738.0,666.0
0.9460000000000001,863.7547763490043,740.0,668.0
0.9480000000000001,865.613254303871,742.0,668.0
0.9500000000000001,867.4716556847845,744.0,670.0
0.9520000000000001,869.3299800635771,746.0,672.0
0.9540000000000001,871.1882270113546,748.0,674.0
0.9560000000000001,873.0463960984077,750.0,676.0
0.9580000000000001,874.9044868871888,750.0,678.0
0.96,876.7624989253459,752.0,678.0
0.962,878.6204317581521,754.0,680.0
0.964,880.4782849301429,756.0,682.0
0.966,882.3360579850764,758.0,684.0
0.968,884.1937504658944,760.0,686.0
0.97,886.0513619146836,762.0,686.0
0.972,887.9088918726372,762.0,688.0
0.974,889.7663398800164,764.0,690.0
0.976,891.623705476112,766.0,692.0
0.978,893.480988199208,768.0,694.0
0.98,895.3381875865427,770.0,694.0
0.982,897.1953031742719,772.0,696.0
0.984,899.0523344974304,774.0,698.0
0.986,900.9092810898987,776.0,700.0
0.988,902.7661424843616,776.0,702.0
0.99,904.6229182122757,778.0,702.0
0.992,906.4796078038805,780.0,704.0
0.994,908.3362107928217,782.0,706.0
0.996,910.192726719927,784.0,708.0
0.998,912.0491551254529,786.0,710.0
1.0,913.9054955481397,788.0,710.0
1.002,915.7618794322661,788.0,712.0
1.004,917.6183057123874,790.0,714.0
1.006,919.4747733299824,792.0,716.0
1.008,921.3312812334268,794.0,718.0
1.01,923.1878283779668,796.0,718.0
1.012,925.044413725693,798.0,720.0
1.014,926.9010362455123,800.0,722.0
1.016,928.7576949131252,800.0,724.0
1.018,930.6143887109955,802.0,726.0
1.02,932.4711166283267,804.0,726.0
1.022,934.3278776610354,806.0,728.0
1.024,936.1846708117246,808.0,730.0
1.026,938.0414950896586,810.0,732.0
1.028,939.8983495107374,812.0,734.0
1.03,941.7552330969063,814.0,736.0
1.032,943.612144869263,814.0,736.0
1.034,945.4690838502731,816.0,738.0
1.036,947.3260490689236,818.0,740.0
1.038,949.1830395608089,820.0,742.0
1.04,951.0400543681042,822.0,744.0
1.042,952.8970925395406,824.0,744.0
1.044,954.7541531303781,826.0,746.0
1.046,956.6112352023802,826.0,748.0
1.048,958.4683378237879,828.0,750.0
1.05,960.3254600692953,830.0,752.0
1.052,962.1826010200235,832.0,752.0
1.054,964.039759763494,834.0,754.0
1.056,965.8969353936051,836.0,756.0
1.058,967.7541270106059,838.0,758.0
1.06,969.6113337210704,840.0,760.0
1.062,971.468554637875,840.0,762.0
1.064,973.3257888801697,842.0,762.0
1.066,975.183035573356,844.0,764.0
1.068,977.0402938490587,846.0,766.0
1.07,978.8975628447006,848.0,768.0
1.072,980.7548417031934,850.0,770.0
1.074,982.6121295735367,852.0,770.0
1.076,984.4694256108662,854.0,772.0
1.078,986.3267289764309,854.0,774.0
1.08,988.1840388375667,856.0,776.0
1.082,990.0413543676718,858.0,778.0
1.084,991.8986747461845,860.0,778.0
1.086,993.755999158558,862.0,780.0
1.088,995.6133267962368,864.0,782.0
1.09,997.4706568566319,866.0,784.0
1.092,999.3279885430977,866.0,786.0
1.094,1001.1853210649087,868.0,788.0
1.096,1003.0426536372369,870.0,788.0
1.098,1004.8999854811236,872.0,790.0
1.1,1006.7573158234619,874.0,792.0
1.102,1008.6146438962925,876.0,794.0
1.104,1010.4719689340735,878.0,796.0
1.106,1012.3292901729866,880.0,796.0
1.108,1014.1866068509077,880.0,798.0
1.11,1016.0439182061834,882.0,800.0
1.112,1017.9012234762737,884.0,802.0
1.114,1019.7585218999843,886.0,804.0
1.116,1021.6158127177779,888.0,806.0
1.118,1023.4730951717551,890.0,806.0
1.12,1025.3303685056346,892.0,808.0
1.122,1027.1876319647354,894.0,810.0
1.124,1029.0448847959578,894.0,812.0
1.1260000000000001,1030.9021262477659,896.0,814.0
1.1280000000000001,1032.7593555701676,898.0,814.0
1.1300000000000001,1034.616572014698,900.0,816.0
1.1320000000000001,1036.4737748344003,902.0,818.0
1.1340000000000001,1038.330963283807,904.0,820.0
1.1360000000000001,1040.1881366189252,906.0,822.0
1.1380000000000001,1042.0452940972127,908.0,824.0
1.1400000000000001,1043.9024349775668,908.0,824.0
1.1420000000000001,1045.7595585203032,910.0,826.0
1.1440000000000001,1047.616663987137,912.0,828.0
1.1460000000000001,1049.4737506411686,914.0,830.0
1.1480000000000001,1051.330817746864,916.0,832.0
1.1500000000000001,1053.1878645699924,918.0,832.0
1.1520000000000001,1055.0448903758313,920.0,834.0
1.154,1056.9018944285788,922.0,836.0
1.156,1058.7588759935982,922.0,838.0
1.158,1060.6158343375628,924.0,840.0
1.16,1062.4727687284399,926.0,842.0
1.162,1064.3296784354734,928.0,842.0
1.164,1066.1865627291675,930.0,844.0
1.166,1068.043420881269,932.0,846.0
1.168,1069.900252164751,934.0,848.0
1.17,1071.7570558537966,936.0,850.0
1.172,1073.6138312237817,936.0,850.0
1.174,1075.470577551258,938.0,852.0
1.176,1077.3272941139383,940.0,854.0
1.178,1079.1839801906783,942.0,856.0
1.18,1081.040635061462,944.0,858.0
1.182,1082.897258007384,946.0,860.0
1.184,1084.7538483106343,948.0,860.0
1.186,1086.610405254482,950.0,862.0
1.188,1088.4669281232602,950.0,864.0
1.19,1090.3234162023498,952.0,866.0
1.192,1092.1798687781609,954.0,868.0
1.194,1094.0362851376087,956.0,870.0
1.196,1095.892664564635,958.0,870.0
1.198,1097.7490063423484,960.0,872.0
1.2,1099.6053097548595,962.0,874.0
1.202,1101.4615740875404,964.0,876.0
1.204,1103.3177986280662,964.0,878.0
1.206,1105.1739826666594,966.0,878.0
1.208,1107.0301254960762,968.0,880.0
1.21,1108.8862264115892,970.0,882.0
1.212,1110.7422847109692,972.0,884.0
1.214,1112.5982996944683,974.0,886.0
1.216,1114.4542706648053,976.0,888.0
1.218,1116.3101969271468,978.0,888.0
1.22,1118.1660777890918,978.0,890.0
1.222,1120.0219125606554,980.0,892.0
1.224,1121.877700554252,982.0,894.0
1.226,1123.7334410846802,984.0,896.0
1.228,1125.589133469103,986.0,898.0
1.23,1127.4447770270372,988.0,898.0
1.232,1129.300371080333,990.0,900.0
1.234,1131.1559149531581,992.0,902.0
1.236,1133.0114079719872,992.0,904.0
1.238,1134.8668494655624,994.0,906.0
1.24,1136.7222387642153,996.0,908.0
1.242,1138.5775751995561,998.0,908.0
1.244,1140.4328581053755,1000.0,910.0
1.246,1142.2880868176994,1002.0,912.0
1.248,1144.1432606747712,1004.0,914.0
1.25,1145.9983790170447,1006.0,916.0
1.252,1147.8534411871597,1006.0,916.0
1.254,1149.7084465299306,1008.0,918.0
1.256,1151.563394392333,1010.0,920.0
1.258,1153.418284123487,1012.0,922.0
1.26,1155.2731150746395,1014.0,924.0
1.262,1157.1278865991517,1016.0,926.0
1.264,1158.982598052486,1018.0,926.0
1.266,1160.837248792188,1020.0,928.0
1.268,1162.6918381778728,1022.0,930.0
1.27,1164.5463655712101,1022.0,932.0
1.272,1166.400830335911,1024.0,934.0
1.274,1168.25523183771,1026.0,936.0
1.276,1170.1095694443547,1028.0,936.0
1.278,1171.9638425255896,1030.0,938.0
1.28,1173.8180504531401,1032.0,940.0
1.282,1175.6721926007003,1034.0,942.0
1.284,1177.5262683439182,1036.0,944.0
1.286,1179.3802770588306,1036.0,946.0
1.288,1181.2342181188355,1038.0,946.0
1.29,1183.088090898442,1040.0,948.0
1.292,1184.9418947741012,1042.0,950.0
1.294,1186.7956291241928,1044.0,952.0
1.296,1188.6492933290103,1046.0,954.0
1.298,1190.5028867707476,1048.0,956.0
1.3,1192.3564088334845,1050.0,956.0
1.302,1194.2098589033976,1052.0,958.0
1.304,1196.0632363696293,1052.0,960.0
1.306,1197.9165406245017,1054.0,962.0
1.308,1199.7697710634957,1056.0,964.0
1.31,1201.6229270852411,1058.0,966.0
1.312,1203.476008091496,1060.0,966.0
1.314,1205.3290134871377,1062.0,968.0
1.316,1207.181942680142,1064.0,970.0
1.318,1209.0347950815762,1066.0,972.0
1.32,1210.887570105575,1066.0,974.0
1.322,1212.7402671693353,1068.0,976.0
1.324,1214.5928856930939,1070.0,976.0
1.326,1216.445425100117,1072.0,978.0
1.328,1218.2978848166867,1074.0,980.0
1.33,1220.150264272083,1076.0,982.0
1.332,1222.0025628985727,1078.0,984.0
1.334,1223.8547801307811,1080.0,984.0
1.336,1225.706915403559,1080.0,986.0
1.338,1227.5589681539584,1082.0,988.0
1.34,1229.410937821987,1084.0,990.0
1.342,1231.262823850593,1086.0,992.0
1.344,1233.114625685651,1088.0,994.0
1.346,1234.966342775949,1090.0,994.0
1.348,1236.817974573173,1092.0,996.0
1.35,1238.6695205318947,1094.0,998.0
1.352,1240.5209801095573,1096.0,1000.0
1.354,1242.3723527664613,1096.0,1002.0
1.356,1244.2236379657506,1098.0,1004.0
1.358,1246.0748351734,1100.0,1004.0
1.36,1247.9259438582008,1102.0,1006.0
1.362,1249.7769634917468,1104.0,1008.0
1.364,1251.6278935484231,1106.0,1010.0
1.366,1253.4787335053902,1108.0,1012.0
1.368,1255.3294828425728,1110.0,1014.0
1.37,1257.1801410426438,1110.0,1014.0
1.372,1259.030707591014,1112.0,1016.0
1.374,1260.8811819758193,1114.0,1018.0
1.3760000000000001,1262.7315636879027,1116.0,1020.0
1.3780000000000001,1264.5818522208085,1118.0,1022.0
1.3800000000000001,1266.432047070764,1120.0,1024.0
1.3820000000000001,1268.282147736667,1122.0,1024.0
1.3840000000000001,1270.132153719769,1124.0,1026.0
1.3860000000000001,1271.9820645223901,1126.0,1028.0
1.3880000000000001,1273.8318796489896,1126.0,1030.0
1.3900000000000001,1275.681598606662,1128.0,1032.0
1.3920000000000001,1277.5312209051244,1130.0,1034.0
1.3940000000000001,1279.3807460567057,1132.0,1034.0
1.3960000000000001,1281.2301735763313,1134.0,1036.0
1.3980000000000001,1283.0795029815115,1136.0,1038.0
1.4000000000000001,1284.9287337923301,1138.0,1040.0
1.4020000000000001,1286.7778655308948,1140.0,1042.0
1.4040000000000001,1288.626897719175,1142.0,1044.0
1.4060000000000001,1290.475829878459,1142.0,1044.0
1.408,1292.3246615293426,1144.0,1046.0
1.41,1294.1733921917219,1146.0,1048.0
1.412,1296.0220213847845,1148.0,1050.0
1.414,1297.8705486269992,1150.0,1052.0
1.416,1299.718973436112,1152.0,1054.0
1.418,1301.5672953291303,1154.0,1056.0
1.42,1303.4155138223227,1156.0,1056.0
1.422,1305.2636284312057,1156.0,1058.0
1.424,1307.1116386705366,1158.0,1060.0
1.426,1308.959544054304,1160.0,1062.0
1.428,1310.807344095723,1162.0,1064.0
1.43,1312.6550383072245,1164.0,1066.0
1.432,1314.5026262004458,1166.0,1066.0
1.434,1316.3501072862277,1168.0,1068.0
1.436,1318.197481073517,1170.0,1070.0
1.438,1320.044747065095,1172.0,1072.0
1.44,1321.8919047612999,1172.0,1074.0
1.442,1323.738953661684,1174.0,1076.0
1.444,1325.585893265012,1176.0,1076.0
1.446,1327.4327230692452,1178.0,1078.0
1.448,1329.2794425715429,1180.0,1080.0
1.45,1331.1260512682468,1182.0,1082.0
1.452,1332.9725486548764,1184.0,1084.0
1.454,1334.81893422612,1186.0,1086.0
1.456,1336.6652074758292,1188.0,1086.0
1.458,1338.5113678970094,1188.0,1088.0
1.46,1340.3574149818116,1190.0,1090.0
1.462,1342.203348221528,1192.0,1092.0
1.464,1344.0491671065793,1194.0,1094.0
1.466,1345.894871126513,1196.0,1096.0
1.468,1347.7404597699917,1198.0,1096.0
1.47,1349.5859325247886,1200.0,1098.0
1.472,1351.4312888777774,1202.0,1100.0
1.474,1353.2765283149274,1202.0,1102.0
1.476,1355.121650321295,1204.0,1104.0
1.478,1356.9666543810172,1206.0,1106.0
1.48,1358.8115399773042,1208.0,1106.0
1.482,1360.6563065924313,1210.0,1108.0
1.484,1362.5009537077347,1212.0,1110.0
1.486,1364.3454808036008,1214.0,1112.0
1.488,1366.1898873594625,1216.0,1114.0
1.49,1368.0341728531268,1218.0,1116.0
1.492,1369.8783367584683,1218.0,1116.0
1.494,1371.7223785475821,1220.0,1118.0
1.496,1373.5662976916058,1222.0,1120.0
1.498,1375.4100936607142,1224.0,1122.0
1.5,1377.253765924112,1226.0,1124.0
1.502,1379.0973139507541,1228.0,1126.0
1.504,1380.9407372122275,1230.0,1126.0
1.506,1382.7840351834782,1232.0,1128.0
1.508,1384.6272073427879,1234.0,1130.0
1.51,1386.4702531717696,1234.0,1132.0
1.512,1388.3131721553539,1236.0,1134.0
1.514,1390.1559637817775,1238.0,1136.0
1.516,1391.998627542573,1240.0,1138.0
1.518,1393.841162932557,1242.0,1138.0
1.52,1395.6835694498197,1244.0,1140.0
1.522,1397.5258465957133,1246.0,1142.0
1.524,1399.3679938748407,1248.0,1144.0
1.526,1401.210010795047,1250.0,1146.0
1.528,1403.0518968674044,1250.0,1148.0
1.53,1404.8936516062047,1252.0,1148.0
1.532,1406.7352745289465,1254.0,1150.0
1.534,1408.576765156327,1256.0,1152.0
1.536,1410.4181230122276,1258.0,1154.0
1.538,1412.2593476237068,1260.0,1156.0
1.54,1414.1004385209867,1262.0,1158.0
1.542,1415.9413952374457,1264.0,1158.0
1.544,1417.782217309603,1264.0,1160.0
1.546,1419.6229042768916,1266.0,1162.0
1.548,1421.4634556809326,1268.0,1164.0
1.55,1423.3038710662229,1270.0,1166.0
1.552,1425.1441499803677,1272.0,1168.0
1.554,1426.9842919740736,1274.0,1168.0
1.556,1428.824296601135,1276.0,1170.0
1.558,1430.6641634184255,1278.0,1172.0
1.56,1432.5038919858878,1280.0,1174.0
1.562,1434.3434818665235,1280.0,1176.0
1.564,1436.182932626382,1282.0,1178.0
1.566,1438.0222438345506,1284.0,1178.0
1.568,1439.8614150631465,1286.0,1180.0
1.57,1441.700445887304,1288.0,1182.0
1.572,1443.539335885165,1290.0,1184.0
1.574,1445.3780846378702,1292.0,1186.0
1.576,1447.2166917295506,1294.0,1188.0
1.578,1449.0551567473121,1296.0,1190.0
1.58,1450.893479281233,1296.0,1190.0
1.582,1452.731658924348,1298.0,1192.0
1.584,1454.5696952726428,1300.0,1194.0
1.586,1456.4075879250418,1302.0,1196.0
1.588,1458.2453364833975,1304.0,1198.0
1.59,1460.0829405524867,1306.0,1200.0
1.592,1461.9203997399945,1308.0,1200.0
1.594,1463.7577136565067,1310.0,1202.0
1.596,1465.5948819155026,1312.0,1204.0
1.598,1467.4319041333429,1312.0,1206.0
1.6,1469.2687799292603,1314.0,1208.0
1.602,1471.1055089247607,1316.0,1210.0
1.604,1472.942090740077,1318.0,1210.0
1.606,1474.7785249893482,1320.0,1212.0
1.608,1476.6148112844867,1322.0,1214.0
1.61,1478.4509492367356,1324.0,1216.0
1.612,1480.286938456669,1326.0,1218.0
1.614,1482.1227785541798,1328.0,1220.0
1.616,1483.9584691384796,1328.0,1222.0
1.618,1485.7940098180902,1330.0,1222.0
1.62,1487.6294002008399,1332.0,1224.0
1.622,1489.464639893856,1334.0,1226.0
1.624,1491.2997285035635,1336.0,1228.0
1.6260000000000001,1493.1346656356743,1338.0,1230.0
1.6280000000000001,1494.9694508951873,1340.0,1232.0
1.6300000000000001,1496.8040838863794,1342.0,1232.0
1.6320000000000001,1498.638564212803,1342.0,1234.0
1.6340000000000001,1500.4728914772775,1344.0,1236.0
1.6360000000000001,1502.3070652818885,1346.0,1238.0
1.6380000000000001,1504.141085227979,1348.0,1240.0
1.6400000000000001,1505.9749509161466,1350.0,1242.0
1.6420000000000001,1507.8086619462365,1352.0,1242.0
1.6440000000000001,1509.6422179173398,1354.0,1244.0
1.6460000000000001,1511.4756184277849,1356.0,1246.0
1.6480000000000001,1513.3088630751342,1358.0,1248.0
1.6500000000000001,1515.1419514561803,1358.0,1250.0
1.6520000000000001,1516.974883166939,1360.0,1252.0
1.6540000000000001,1518.8076578026455,1362.0,1252.0
1.6560000000000001,1520.6402749577512,1364.0,1254.0
1.6580000000000001,1522.4727342259148,1366.0,1256.0
1.6600000000000001,1524.3050352000018,1368.0,1258.0
1.6620000000000001,1526.1371774720783,1370.0,1260.0
1.6640000000000001,1527.9691606330798,1372.0,1262.0
1.666,1529.8009842709334,1374.0,1264.0
1.668,1531.6326479718552,1374.0,1264.0
1.67,1533.46415132126,1376.0,1266.0
1.672,1535.29549390376,1378.0,1268.0
1.674,1537.1266753031553,1380.0,1270.0
1.676,1538.9576951024355,1382.0,1272.0
1.678,1540.788552883771,1384.0,1274.0
1.68,1542.6192482285123,1386.0,1274.0
1.682,1544.4497807171801,1388.0,1276.0
1.684,1546.2801499294656,1390.0,1278.0
1.686,1548.1103554442252,1390.0,1280.0
1.688,1549.9403968394731,1392.0,1282.0
1.69,1551.770273692382,1394.0,1284.0
1.692,1553.599985579273,1396.0,1284.0
1.694,1555.4295320756162,1398.0,1286.0
1.696,1557.2589127560248,1400.0,1288.0
1.698,1559.0881271942485,1402.0,1290.0
1.7,1560.9171749631744,1404.0,1292.0
1.702,1562.7460556352999,1406.0,1294.0
1.704,1564.574768784659,1406.0,1296.0
1.706,1566.4033139872984,1408.0,1296.0
1.708,1568.23169082127,1410.0,1298.0
1.71,1570.0598988666202,1412.0,1300.0
1.712,1571.8879377053897,1414.0,1302.0
1.714,1573.7158069215993,1416.0,1304.0
1.716,1575.5435061012465,1418.0,1306.0
1.718,1577.3710348322993,1420.0,1306.0
1.72,1579.1983927046851,1420.0,1308.0
1.722,1581.0255793102883,1422.0,1310.0
1.724,1582.85259424294,1424.0,1312.0
1.726,1584.6794370982382,1426.0,1314.0
1.728,1586.506107470784,1428.0,1316.0
1.73,1588.332604954698,1430.0,1316.0
1.732,1590.1589291459786,1432.0,1318.0
1.734,1591.9850796425637,1434.0,1320.0
1.736,1593.811056044332,1436.0,1322.0
1.738,1595.6368579530845,1436.0,1324.0
1.74,1597.4624849725503,1438.0,1326.0
1.742,1599.2879367083713,1440.0,1328.0
1.744,1601.1132127680976,1442.0,1328.0
1.746,1602.9383127611816,1444.0,1330.0
1.748,1604.7632362989693,1446.0,1332.0
1.75,1606.587982994697,1448.0,1334.0
1.752,1608.4125524634815,1450.0,1336.0
1.754,1610.236944322313,1452.0,1338.0
1.756,1612.0611581900512,1452.0,1338.0
1.758,1613.8851936874175,1454.0,1340.0
1.76,1615.7090504369876,1456.0,1342.0
1.762,1617.5327280631864,1458.0,1344.0
1.764,1619.3562261922802,1460.0,1346.0
1.766,1621.1795444523689,1462.0,1348.0
1.768,1623.002682473386,1464.0,1348.0
1.77,1624.8256398870822,1466.0,1350.0
1.772,1626.648416327028,1468.0,1352.0
1.774,1628.4710114286008,1468.0,1354.0
1.776,1630.2934248289837,1470.0,1356.0
1.778,1632.1156561671557,1472.0,1358.0
1.78,1633.9377050838864,1474.0,1360.0
1.782,1635.7595712217308,1476.0,1360.0
1.784,1637.5812542250203,1478.0,1362.0
1.786,1639.4027537398606,1480.0,1364.0
1.788,1641.2240694141212,1482.0,1366.0
1.79,1643.0452008974307,1482.0,1368.0
1.792,1644.8661478407378,1484.0,1370.0
1.794,1646.6869098955913,1486.0,1370.0
1.796,1648.5074867151004,1488.0,1372.0
1.798,1650.3278779541215,1490.0,1374.0
1.8,1652.1480832692478,1492.0,1376.0
1.802,1653.9681023186083,1494.0,1378.0
1.804,1655.7879347610883,1496.0,1380.0
1.806,1657.6075802561222,1498.0,1380.0
1.808,1659.427038463693,1498.0,1382.0
1.81,1661.2463090443275,1500.0,1384.0
1.812,1663.065391659091,1502.0,1386.0
1.814,1664.8842859695808,1504.0,1388.0
1.816,1666.7029916379258,1506.0,1390.0
1.818,1668.52150832678,1508.0,1392.0
1.82,1670.3398356993139,1510.0,1392.0
1.822,1672.157973419216,1512.0,1394.0
1.824,1673.9759211506864,1514.0,1396.0
1.826,1675.7936785584313,1514.0,1398.0
1.828,1677.611245307658,1516.0,1400.0
1.83,1679.4286210640728,1518.0,1402.0
1.832,1681.245805493873,1520.0,1402.0
1.834,1683.0627982637482,1522.0,1404.0
1.836,1684.8795990408685,1524.0,1406.0
1.838,1686.6962074928883,1526.0,1408.0
1.84,1688.5126232879343,1528.0,1410.0
1.842,1690.3288460946058,1530.0,1412.0
1.844,1692.1448755819706,1530.0,1412.0
1.846,1693.9607114195576,1532.0,1414.0
1.848,1695.7763532773547,1534.0,1416.0
1.85,1697.5918008258066,1536.0,1418.0
1.852,1699.4070537358045,1538.0,1420.0
1.854,1701.2221116786884,1540.0,1422.0
1.856,1703.0369743262397,1542.0,1424.0
1.858,1704.8516413504997,1544.0,1424.0
1.86,1706.666112419649,1544.0,1426.0
1.862,1708.4803871979047,1546.0,1428.0
1.864,1710.294465349753,1548.0,1430.0
1.866,1712.1083465401477,1550.0,1432.0
1.868,1713.922030434504,1552.0,1434.0
1.87,1715.735516698698,1554.0,1434.0
1.872,1717.5488049990568,1556.0,1436.0
1.874,1719.3618950023595,1558.0,1438.0
1.8760000000000001,1721.174786375831,1560.0,1440.0
1.8780000000000001,1722.9874787871381,1560.0,1442.0
1.8800000000000001,1724.799971904386,1562.0,1444.0
1.8820000000000001,1726.612265396112,1564.0,1444.0
1.8840000000000001,1728.4243589312835,1566.0,1446.0
1.8860000000000001,1730.2362521792945,1568.0,1448.0
1.8880000000000001,1732.0479448099604,1570.0,1450.0
1.8900000000000001,1733.859436493514,1572.0,1452.0
1.8920000000000001,1735.6707269006008,1574.0,1454.0
1.8940000000000001,1737.4818157022778,1574.0,1456.0
1.8960000000000001,1739.2927025700071,1576.0,1456.0
1.8980000000000001,1741.1033871756508,1578.0,1458.0
1.9000000000000001,1742.9138691914739,1580.0,1460.0
1.9020000000000001,1744.7241482904283,1582.0,1462.0
1.9040000000000001,1746.5342241473597,1584.0,1464.0
1.9060000000000001,1748.3440964392937,1586.0,1466.0
1.9080000000000001,1750.153764845431,1588.0,1466.0
1.9100000000000001,1751.9632290471436,1590.0,1468.0
1.9120000000000001,1753.7724887279694,1590.0,1470.0
1.9140000000000001,1755.581543573604,1592.0,1472.0
1.9160000000000001,1757.3903932718981,1594.0,1474.0
1.9180000000000001,1759.199037512849,1596.0,1476.0
1.92,1761.0074759885965,1598.0,1476.0
1.922,1762.8157083934193,1600.0,1478.0
1.924,1764.623734423725,1602.0,1480.0
1.926,1766.4315537780483,1604.0,1482.0
1.928,1768.2391661570464,1606.0,1484.0
1.93,1770.0465712635237,1606.0,1486.0
1.932,1771.8537688024205,1608.0,1488.0
1.934,1773.6607584807819,1610.0,1488.0
1.936,1775.4675400077517,1612.0,1490.0
1.938,1777.2741130945662,1614.0,1492.0
1.94,1779.08047745455,1616.0,1494.0
1.942,1780.8866328031093,1618.0,1496.0
1.944,1782.6925788577278,1620.0,1498.0
1.946,1784.4983153379608,1620.0,1498.0
1.948,1786.3038419654301,1622.0,1500.0
1.95,1788.1091584638189,1624.0,1502.0
1.952,1789.9142645588663,1626.0,1504.0
1.954,1791.719159978361,1628.0,1506.0
1.956,1793.5238444521394,1630.0,1508.0
1.958,1795.3283177120782,1632.0,1508.0
1.96,1797.1325794920876,1634.0,1510.0
1.962,1798.9366295281097,1636.0,1512.0
1.964,1800.7404675581101,1636.0,1514.0
1.966,1802.5440933220762,1638.0,1516.0
1.968,1804.347506562009,1640.0,1518.0
1.97,1806.150707021919,1642.0,1520.0
1.972,1807.9536944478248,1644.0,1520.0
1.974,1809.7564685877417,1646.0,1522.0
1.976,1811.5590291916803,1648.0,1524.0
1.978,1813.3613760116425,1650.0,1526.0
1.98,1815.1635088016137,1650.0,1528.0
1.982,1816.9654273175613,1652.0,1530.0
1.984,1818.767131317426,1654.0,1530.0
1.986,1820.5686205611198,1656.0,1532.0
1.988,1822.36989481052,1658.0,1534.0
1.99,1824.1709538294635,1660.0,1536.0
1.992,1825.9717973837473,1662.0,1538.0
1.994,1827.7724252411122,1664.0,1540.0
1.996,1829.5728371712516,1664.0,1540.0
1.998,1831.3730329457965,1666.0,1542.0
2.0,1833.1730123382677,1668.0,1544.0
